{
  "meta": {
    "horizon_steps": 40,
    "hazard_threshold": 200.0,
    "roll": 10,
    "sample_interval_sec": 3,
    "features": [
      "iaq",
      "gasK",
      "temp",
      "hum",
      "pres",
      "iaq_d1",
      "gas_d1",
      "pres_d1",
      "iaq_mean",
      "gas_mean",
      "pres_mean",
      "iaq_std",
      "gas_std"
    ],
    "trained_at": "2025-12-23T00:39:29.686957Z"
  },
  "metrics": {
    "train_samples": 9492,
    "test_samples": 2372,
    "iaq_mae": 6.164389440796253,
    "hazard_auc": 0.7621499869153987
  },
  "modelBrief": {
    "name": "Ridge Regression + Logistic Hazard Classifier",
    "input": "Recent telemetry window (iaq, gasK, temp, hum, pres) + short-term trends",
    "output": "IAQ forecast (~120s ahead) + hazard probability (IAQ \u2265 200.0)"
  },
  "scaler": {
    "mean": [
      163.22926675094817,
      28.412848714707124,
      23.974188790560472,
      51.27636957437843,
      1015.701359039191,
      -0.002380952380952376,
      -3.7926675094818314e-05,
      -0.0014117151285292975,
      163.3225906026127,
      28.40567730720607,
      1015.629770332912,
      0.9853738413928274,
      0.2642618734685875
    ],
    "scale": [
      29.9438415755807,
      11.741440699767118,
      0.8118538828543602,
      2.847722744749987,
      14.320470660848,
      5.494610298226812,
      1.126475021525081,
      5.10871673016403,
      29.754754431036275,
      11.67680802372389,
      14.320798190728285,
      6.483103193459233,
      1.5573266044952725
    ]
  },
  "regression": {
    "type": "ridge",
    "alpha": 1.0,
    "coef": [
      37.710758134632144,
      -4.834538773160786,
      1.3490106539479854,
      6.456626192142939,
      18.598125076064374,
      -5.6476666794346615,
      -2.1312979799810217,
      -3.939768641869974,
      -20.529859058985203,
      1.6540023619813036,
      -6.836794120358254,
      -2.8143736531431047,
      -4.9056866066374205
    ],
    "intercept": 163.50188579856726
  },
  "classifier": {
    "type": "logistic",
    "coef": [
      [
        5.9846462484463165,
        0.9338480885602239,
        1.195375693474389,
        3.494122088389624,
        4.816554782048606,
        -0.39297941884868565,
        0.11086949048195319,
        0.19109935507214978,
        1.1520770711707295,
        4.896407313665486,
        4.5698169853958435,
        -4.954751738814005,
        2.1729716231371485
      ]
    ],
    "intercept": [
      -3.375973346172383
    ],
    "classes": [
      0,
      1
    ]
  },
  "now": {
    "createdAt": "2025-12-23T00:39:29.412000Z",
    "iaq": 150.6
  }
}